# corpus 52 reports | WITH bare acronyms
# (company, leaf) pairs: 177
# distinct companies with >=1 hit: 50 of 52
# distinct companies with >=1 CRUDE-REACHABLE hit: 45 of 52

CRUDE	SCORE	LEAF	TICKER	PAGE	SENTENCE
-	7	fx:usd_cost_share	AARTIIND.NS	185	Exposures can arise on account of the various assets and liabilities which are denominated in currencies other than Indian Rupee Th e Company’s exposure to the risk of changes in foreign exchange rates relates primarily to the Company’s operating activities in exports and imports which is majorly in US dollars.
-	6	fx:usd_cost_share	BALKRISIND.NS	234	Consumption of Raw Materials is arrived at after adjusting the difference between the cost of indigenous/duty paid imported raw materials and international cost of raw materials entitled to be imported/imported under Duty Exemption Scheme of the Government of India against direct/indirect exports made/to be made by the Company during the year.
-	6	fx:usd_cost_share	COLPAL.NS	284	CURRENCY RISK The Company is subject to the risk of changes in foreign currency values that impact costs of imported raw material (directly and by local suppliers), import of ﬁnished goods, equipment for expansion at the plants, expatriate costs, service income, reimbursement of expenses, service related charges from overseas related and third parties as well as revenue from exports.
-	4	fx:usd_cost_share	COSMOFIRST.NS	111	The Company’s policy is to hedge material foreign exchange risk associated with borrowings, highly probable forecast sales and purchases transactions denominated in foreign currencies.
-	7	fx:usd_cost_share	EMAMILTD.NS	298	Foreign Currency Risk The Company operates both in domestic market and internationally and consequently the Company is exposed to foreign exchange risk through its sales in overseas countries, and purchases from overseas suppliers in foreign currencies.
-	7	fx:usd_cost_share	GANDHAR.NS	178	a) Currency risk The Company is exposed to currency risk mainly on account of its import payables, short term borrowings and export receivables in foreign currency.
-	7	fx:usd_cost_share	GOODYEAR.NS	100	The company has limited exposure to foreign exchange risk due to low reliance on imported raw materials and thus the company does not hedge for the foreign currency exposure and rely on natural hedging to the extent possible.
-	7	fx:usd_cost_share	PANAMAPET.NS	155	Financial risk management (Contd..) a) Currency Risk The Company is exposed to currency risk mainly on account of its import payables and export receivables in foreign currency.
-	4	fx:usd_cost_share	SIRCA.NS	124	(i) Market risk - Foreign currency exchange rate risk: The Company make significant amount of purchases in foreign currency which exposes the Company to the risk of fluctuation in foreign currency exchange rates which may have a potential impact on the statement of profit and loss and equity.
-	7	fx:usd_cost_share	SOTL.NS	179	(a) Curr ency Risk The Company is exposed to currency risk mainly on account of its import payables and export receivables in foreign currency.
-	7	fx:usd_cost_share	XPROINDIA.NS	127	Considering that major borrowings are in foreign currency and also purchases are made in foreign currency, the Company’s exposure to foreign currency at each reporting date is disclosed herein.
-	4	fx:usd_debt_share	ASIANPAINT.NS	213	The Company has taken Cross Currency Interest Rate Swap in order to hedge floating interest rate risk exposure related to its JPY denominated external commercial borrowing.
-	1	fx:usd_debt_share	COLPAL.NS	174	Foreign Exchange Management Act, 1999 and the rules and regulations made thereunder to the extent of Foreign Direct Investment, Overseas Direct Investment and External Commercial Borrowings (During the year under review not applicable to the Company); V.
-	7	fx:usd_debt_share	COSMOFIRST.NS	113	Also, the Company uses foreign currency options contracts, cross currency swap contracts and interest rate swap contracts to mitigate exchange rate exposure and interest rate exposure arising from foreign currency borrowings.
-	3	fx:usd_debt_share	DABUR.NS	228	(ii) Foreign Exchange Risk and hedging activities As regards foreign exchange risks, keeping in view the position of rupee in the market vis-a-vis foreign currency, the Company has been taking forward cover for foreign currency exports and imports from time to time and in case of any foreign currency borrowings, the loans are fully hedged at the time of inception itself as per the Forex policy framework of the company.
-	-7	fx:usd_debt_share	DEEPAKNTR.NS	452	₹ in Crores Currency USD Impact on profit or loss As at March 31, 2026 As at March 31, 2025 Impact of ₹ 1 strengthening against US Dollar 0.24 0.74 Impact of ₹ 1 weakening against US Dollar (1.75) (0.12) 42.4.2.Interest Rate Risk Management The Group draws working capital demand loans, avails cash credit, foreign currency borrowings etc.
-	1	fx:usd_debt_share	GANDHAR.NS	74	Agency: ACUITE RA TINGS & RESEARCH The Company has not involved in mobilization of the fund under any scheme and debt instruments except availing of banking related facilities including External Commercial Borrowing /Rupee T erm Loan.
-	0	fx:usd_debt_share	GODREJCP.NS	462	No T ype of risk/ hedge position Hedged item Description of hedging strategy Hedging instrument Description of hedging instrument T ype of hedging relationship 1 Currency Risk & Interest Rate Risk Foreign Currency loans Floating/Fixed Foreign currency instrument is converted into Fixed Rate local currency instrument Cross currency - Interest Rate Swap Cross currency - Interest Rate Swap is a derivative instrument whereby the Company hedges fixed/floating foreign currency instrument into fixed local currency instrument.
-	1	fx:usd_debt_share	HUHTAMAKI.NS	90	The Company has availed External Commercial Borrowings from Huhtamaki Finance Company V B.V., Netherlands (fellow subsidiary) through issuance of Rupee Denominated Bonds in two tranches.
-	1	fx:usd_debt_share	JINDALPOLY.NS	36	(No fresh FDI and ECB was taken by the Company during the Audit Period) (v) The following Regulations and Guidelines prescribed under the Securities and Exchange Board of India Act, 1992 (‘SEBI Act’): a.
-	4	fx:usd_debt_share	JKTYRE.NS	57	The Company rebalanced its borrowing mix through refinancing initiatives and selective use of lower-cost instruments, including foreign currency debt where appropriate.
-	4	fx:usd_debt_share	JUBLCPL.NS	71	To deal with matters related to transaction(s) of purchase or sale of spot and forward Foreign Exchange against exports, imports and foreign currency loans of the Company and other forex transactions including Derivatives etc.
-	1	fx:usd_debt_share	KANSAINER.NS	290	Borrowing costs are interest and other costs that the Company incurs in connection with the borrowing of funds including exchange differences arising from foreign currency borrowings to the extent that they are regarded as an adjustment to interest costs.
-	3	fx:usd_debt_share	SOTL.NS	53	We further report, that there were no events/actions in pursuance of: a) F oreign Exchange Management Act, 1999 and the rules and regulations made thereunder to the extent of Foreign Direct Investment, Overseas Direct Investment and External Commercial Borrowings; b) The Securities and Ex change Board of India (Issue of Capital and Disclosure Requirements) Regulations, 2018; FORM NO.
-	1	fx:usd_debt_share	SRF.NS	142	The Company also designates non derivative financial liabilities, such as foreign currency borrowings from banks, as hedging instruments for the hedge of foreign currency risk associated with highly probable forecasted transactions and, accordingly, applies cash flow hedge accounting for such relationships.
-	4	fx:usd_debt_share	UFLEX.NS	115	However the interest rate in respect major portion of borrowings by the Company from the banks and others are linked with the Benchmark / Base Prime lending rate of the respective lender and in case of foreign currency borrowings, the same is linked with the LIBOR.
-	1	fx:usd_debt_share	XPROINDIA.NS	122	46 Fair Value Measurement Derivative The Company has entered into derivative instruments not designated as hedging relationship by way of foreign exchange forwards contracts and currency options for its foreign currency borrowings.
-	7	fx:usd_revenue_share	AARTIIND.NS	185	Exposures can arise on account of the various assets and liabilities which are denominated in currencies other than Indian Rupee Th e Company’s exposure to the risk of changes in foreign exchange rates relates primarily to the Company’s operating activities in exports and imports which is majorly in US dollars.
-	4	fx:usd_revenue_share	BALKRISIND.NS	272	Thus, the Company’s exposure to market risk is a function of investing and borrowing activities and revenue generating and operating activities in foreign currencies.
-	1	fx:usd_revenue_share	BRITANNIA.NS	123	The Company has export sales (2% to 3% of total sales) primarily denominated in US dollars and Euro.
-	4	fx:usd_revenue_share	COSMOFIRST.NS	111	The Company’s policy is to hedge material foreign exchange risk associated with borrowings, highly probable forecast sales and purchases transactions denominated in foreign currencies.
-	7	fx:usd_revenue_share	GANDHAR.NS	178	a) Currency risk The Company is exposed to currency risk mainly on account of its import payables, short term borrowings and export receivables in foreign currency.
-	4	fx:usd_revenue_share	JUBLCPL.NS	71	To deal with matters related to transaction(s) of purchase or sale of spot and forward Foreign Exchange against exports, imports and foreign currency loans of the Company and other forex transactions including Derivatives etc.
-	-2	fx:usd_revenue_share	MRF.NS	151	Capital Goods 233.98 259.07 4) Earnings in Foreign Exchange: FOB Value of Exports 2030.03 2044.14 Freight and Insurance 11.72 15.81 Note: FOB Value of Exports excludes export sales in Indian Rupees 5) Expenditure in Foreign Currency paid or payable by the Company: a.
-	7	fx:usd_revenue_share	PANAMAPET.NS	155	Financial risk management (Contd..) a) Currency Risk The Company is exposed to currency risk mainly on account of its import payables and export receivables in foreign currency.
-	4	fx:usd_revenue_share	POLYPLEX.NS	248	The Company’s exposure to the risk of changes in foreign exchange rates also relates to the Company’s operating activities (when revenue or expense is denominated in foreign currency).
-	7	fx:usd_revenue_share	SOTL.NS	179	(a) Curr ency Risk The Company is exposed to currency risk mainly on account of its import payables and export receivables in foreign currency.
-	-3	input:aluminium	ASIANPAINT.NS	111	Weatherseal Fenestration Private Limited Weatherseal Fenestration Private Limited (“Weatherseal”) is a subsidiary of the Company, engaged in the business of uPVC and system aluminium windows and doors segment.
-	4	input:aluminium	BERGEPAINT.NS	73	Furthermore, the Company expanded into the architectural coatings segment by commencing supplies for aluminium channels used in modern building applications.
-	3	input:aluminium	COLPAL.NS	65	Driving Sustainability with Impact Annual & ESG Report 2025-2026 122(India) Limited Corporate Overview Statutory Reports Financial Statements 123Sustainability and Us Case Study Closing the Loop 100% Migration to Recyclable Tube Packaging Often rolled up by consumers to use every last bit, Colgate toothpaste tubes have traditionally used aluminum barrier laminate (ABL) to maintain product freshness until the end.
-	1	input:aluminium	INDIGOPNTS.NS	27	Recent imposition of US tariffs on industries such as steel and aluminium, however, is likely to propel oil prices higher and fuel inflationary pressures.
-	7	input:aluminium	PIDILITIND.NS	253	Commodity price risk / Foreign Exchange Risk and Hedging Activities Certain key raw materials and packing materials used by the Company are derivatives of commodities such as crude oil, paper, aluminium, etc.
-	7	input:aluminium	SRF.NS	191	The principal activities of the Company and its subsidiaries (together the Group) are manufacturing, purchase and sale of technical textiles, chemicals, packaging films, aluminium foils and other polymers.
-	1	input:aluminium	UFLEX.NS	45	Complementing this, the Company continues to drive the transition from conventional multi-layer and aluminium-based structures to recyclable formats, particularly for export markets with stringent environmental norms.
-	3	input:aluminium	VEEDOL.NS	20	Aluminium complex greases designed for high-temperature environments Rust preventive oils for industrial protection Expansion of the car care product portfolio TECHNOLOGY DEPLOYMENT AND INNOVATION Our R&D capabilities are supported by advanced testing and formulation capabilities, enabling the development of lubricants tailored for modern engine technologies, including TGDI and GDI systems, which require lower viscosity fluids capable of operating under higher thermal and mechanical stress.
C	1	input:atf	APOLLOTYRE.NS	137	Community Participation through Local Resource Networks: The Company through ATF promotes inclusive programme delivery by actively engaging Community Resource Persons (CRPs) and Peer Educators (PEs) drawn from within the beneficiary communities.
C	7	input:base_oil	CASTROLIND.NS	181	Commodity Price risk The company exposure to market risk with respect to commodity prices primarily arises from the fact that we are a purchaser of base oil.
C	7	input:base_oil	GANDHAR.NS	85	Weaknesses Dependency on raw material price The Company relies heavily on the supply of base oil which can cause price fluctuation in raw material to impact its profitability.
C	7	input:base_oil	GULFOILLUB.NS	230	Interest rate sensitivity * Holding all other variables constant A3 Commodity Price Risk The Company’s exposure to market risk with respect to commodity prices primarily arises from the fact that the company is a purchaser of base oil.
C	4	input:base_oil	PANAMAPET.NS	48	OPPORTUNITIES THREATS Changes in Government policies, especially regarding import of Base Oil will have an adverse impact on the performance of the Company.
C	7	input:base_oil	VEEDOL.NS	120	iii) Commodity Price Risk The Company’s exposure to market risk with respect to commodity prices primarily arises from the fact that it is a purchaser of base oil.
C	1	input:bought_in_freight	AARTIIND.NS	52	Reinventing with every Decade Our strategically situated facilities optimise logistics, helping to reduce transportation costs and emissions.
C	1	input:bought_in_freight	BERGEPAINT.NS	53	During the year, the company advanced greener logistics by exploring coastal waterway transportation for finished goods movement, reducing freight costs while lowering environmental impact.
C	4	input:bought_in_freight	CHEMPLASTS.NS	74	Because the national capacity surplus is heavily concentrated in Western India, our location in the South benefits from a more balanced supply-demand dynamic, as the high transportation costs of the 50% solution naturally limit regional supply overlaps.
C	-7	input:bought_in_freight	CONCOR.NS	412	Terminal and Other Service Charges (₹ in crore) Particulars For the year ended March 31, 2025 For the year ended March, 2024 Rail freight expenses 5,022.02 4,910.09 Road freight expenses 326.65 269.86 Handling expenses 270.31 280.59 Shipping Freight expenses 0.03 - Land license fee* 373.96 373.20 Other operating expenses 163.30 131.23 Total Terminal and other service charges 6,156.27 5,964.97 *During the year, the Company has booked LLF amount of ₹ 373.96 crores (2023-24: ₹ 373.20 crores), which is net off past provisions of ₹ 65.54 crores (2023-24: ₹ 68.20 crores) (Refer note no.
C	1	input:bought_in_freight	DELHIVERY.NS	34	Our early customers have already realised up to a 12% reduction in freight costs, in addition to the benefits of end-to-end digitisation of the freight movement process.
C	4	input:bought_in_freight	GODREJCP.NS	157	Impact initiative Our Godrej Magic personal care product range features a reconstituted formulation, designed to reduce water usage, plastic consumption, and transportation costs.
C	4	input:bought_in_freight	GRWRHITECH.NS	48	By prioritizing local procurement, the Company reduces transportation costs, lowers its environmental footprint, and strengthens local economies by supporting nearby businesses and generating employment opportunities.
C	1	input:bought_in_freight	POLYPLEX.NS	42	Across its manufacturing network, the Company implemented programs aimed at reducing waste, optimizing freight and packaging costs, and improving energy efficiency.
C	1	input:bought_in_freight	TCIEXP.NS	9	Delivering on Our Promise: The Money Back Guarantee A defining differentiator in the Company’s service offering is its Money Back Guarantee (MBG) — a contractual commitment to deliver on time or refund 100% of the freight charges.
C	4	input:bought_in_freight	VINATIORGA.NS	164	The Company has a risk management framework aimed at prudently managing the risk arising from the volatility in commodity prices and freight costs.
C	4	input:bought_in_freight	VRLLOG.NS	85	This has supported us to have control on the dependency on the hired vehicles, due to which the Lorry hire charges reduced as a percent to revenue from 5.54% in FY25 to 4.80% in FY26.
-	1	input:copper	UFLEX.NS	71	Environmentally Friendly Plating: We’ve switched to Alkaline Copper Plating, eliminating hazardous heavy metals (like Nickel) from entering the environment via air and water pollution.
C	-4	input:crude_derivative_bitumen	BERGEPAINT.NS	52	Berger Rock Paints Private Limited ('Berger Rock') Berger Becker Coatings Private Limited ('Berger Becker') Berger Hesse Wood Coatings Private Limited ('Berger Hesse') CASE Construction Equipment VOLVO Excavator PROPEL Mining Equipment 96 Integrated Annual Report 2025-26 STP, a subsidiary of the company, stands tall as a trusted name in the construction space, offering a powerhouse of renowned brands across construction chemicals, advanced flooring solutions, bitumen and coal tar-based products, high- performance sealants and adhesives and robust protective and anti- corrosive coatings.
C	4	input:crude_derivative_petchem	AARTIIND.NS	107	• Wid e range of end-use applications: The Company’s products are used in a wide range of industries, including pharmaceuticals, agrochemicals, polymers, dyes and personal care.
C	4	input:crude_derivative_petchem	ANURAS.NS	14	In addition, our product offerings extend to performance materials used in polymers, electronic chemicals and electronic applications, reflecting a well-diversified and future-ready portfolio.
C	4	input:crude_derivative_petchem	ASIANPAINT.NS	25	During the year, the Company introduced WoodTech PU Gold, a first-of-its-kind polyurethane wood finish with anti-termite properties, along with new offerings such as Aquadur, a water-based glossy product, and a value-for- money polyester paint, expanding the portfolio across use cases.
C	6	input:crude_derivative_petchem	ATUL.NS	42	Key process safety measures executed during the year included: PESO tank farm commissioned for class-A solvent storage storage tank dyke integrity reviewed across all sites magnetic drive pumps installed in four of 11 autoclaves solvent handling in drums eliminated by providing safer bulk handling Energy conservation and green energy The energy conservation program of our Company is a structured, multi-year initiative to reduce energy intensity, while transitioning progressively to renewable sources.
C	6	input:crude_derivative_petchem	BERGEPAINT.NS	104	• Key practices include: o Segregation at source and labelling o Storage in designated hazardous waste storage areas o Disposal through authorized TSDFs (Treatment, Storage and Disposal Facilities) or recyclers • Significant recovery and reuse initiatives: o Waste solvents are distilled and reused o Sticky losses from barrels and totes are recovered o Rutile and other raw materials are reclaimed and reused • The Company also promotes co-processing in cement kilns for safe disposal of non-recyclable hazardous waste.
C	4	input:crude_derivative_petchem	CASTROLIND.NS	24	Post-Consumer Resins (PCR)2 are now incorporated into our packaging design which reduced virgin plastic use by 3,200 metric tonne in 2025.
C	4	input:crude_derivative_petchem	CEATLTD.NS	66	To mitigate these risks, the Company is progressively increasing the use of renewable and recycled materials, including reclaimed rubber and other sustainable inputs such as natural rubber, crumb rubber, wood resins, and rayon.
C	7	input:crude_derivative_petchem	CHEMPLASTS.NS	76	Furthermore, Gulf geopolitical tensions disrupted shipping and raw material supply chains, triggering force majeure declarations by Asian producers, tightening ethylene availability and increasing input costs for the Company.
C	7	input:crude_derivative_petchem	COLPAL.NS	285	COMMODITY PRICE RISK The Company is exposed to the risk of changes in commodity prices in relation to its purchase of its raw materials especially corn, carton board, resins and palm oils.
C	1	input:crude_derivative_petchem	CONCOR.NS	60	We are successfully serving commodities like Prime Paper, PVC Resin & Calcium Carbonate.
C	4	input:crude_derivative_petchem	COSMOFIRST.NS	40	With an expansive product portfolio encompassing BOPP films, BOPET films, thermal films, coated and other specialty films, the company effectively serves diverse packaging requirements across various industries.
C	4	input:crude_derivative_petchem	DABUR.NS	122	In parallel, our packaging requirements are equally varied, spanning paper-based solutions such as mono-cartons and corrugated boxes, polymer-based formats including PET, HDPE, and PP, as well as flexible and rigid formats like laminates, labels, sleeves, glass containers, and metal caps and closures.
C	7	input:crude_derivative_petchem	DEEPAKNTR.NS	46	While PC plant is expected to be commissioned ahead of Cumene-Phenol-Acetone facilities, we are planning to commission Cumene-Phenol-Acetone around the time Petronet LNG Limited commences supply of Propylene, a key feedstock, from its Dahej facility, under the long-term contract.
C	4	input:crude_derivative_petchem	EMAMILTD.NS	189	In response, the Company is undertaking process redesign and optimisation initiatives to minimise solvent dependency and enhance workplace safety.
C	1	input:crude_derivative_petchem	GANDHAR.NS	131	The Company is principally engaged in three segments namely, manufacturing and trading of petroleum products / specialty oils, trading of non-coking coal and providing consignment / del-credere agency services for sale of polymers to local markets.
C	1	input:crude_derivative_petchem	GODREJCP.NS	166	We implemented multiple operational enhancements such as better machine performance to increase output, fewer machines in operation, minimized changeovers, reduction in quality-related losses, and the adoption of an optimal resin grade.
C	4	input:crude_derivative_petchem	GRWRHITECH.NS	63	For hazardous waste such as used solvents, oils, and empty chemical containers, the Company ensures proper channelling to licensed recyclers for safe recovery and reuse.
C	4	input:crude_derivative_petchem	HUHTAMAKI.NS	12	We advanced water stewardship through zero liquid discharge at multiple sites and reduced solvent consumption to improve workplace conditions and lower emissions.
C	1	input:crude_derivative_petchem	INDIGOPNTS.NS	5	The solvent-based plant and brownfield expansion of our putty facility remain on course for commissioning by early FY 2025-26.
C	4	input:crude_derivative_petchem	JINDALPOLY.NS	72	The company started manufacturing polyester chips for captive use in 1993.
C	4	input:crude_derivative_petchem	JUBLCPL.NS	106	The Company is engaged in the business of manufacturing and sale of agri, industrial polymers and consumer products.
C	4	input:crude_derivative_petchem	KANSAINER.NS	74	Our manufacturing processes use solvents, resins, pigments and other chemicals that can generate airborne emissions, including volatile organic compounds, particulate matter and combustion by-products.
C	1	input:crude_derivative_petchem	PANAMAPET.NS	46	The Company also develops customized products as per client specifications in the field of petroleum and feeds to various industries like Printing Ink, Resin, Cosmetics, Rubber products, Pharmaceuticals, Engineering, and Chemicals including Petro Chemicals.
C	1	input:crude_derivative_petchem	PIDILITIND.NS	75	This category contributed 6.6% of the sales of the Company and grew by 9.7% Industrial Resins, Construction Chemicals (Projects), etc.
C	7	input:crude_derivative_petchem	POLYPLEX.NS	97	Hence, any adverse fluctuations in the cost of PET resin can impact the Company’s operating margins depending upon the Company’s ability to pass on cost increases to its customers.
C	1	input:crude_derivative_petchem	SIRCA.NS	6	The Company strengthened its position as one of India’s leading premium wood coatings players while laying the foundation for future growth in acrylic, polyester, waterborne, and specialty coating technologies.
C	0	input:crude_derivative_petchem	SOTL.NS	53	We further report that, having regard to the compliance system prevailing in the Company and on examination of the relevant documents and records in pursuance thereof, on test-check basis, the Company has complied with the following laws applicable specifically to the Company - (a) The Petroleum Act, 1934 and rules made thereunder; (b) Mahar ashtra Solvents, Reffinate and Slop (Licence) Order, 2007; (c) L ubricating Oils & Greases (Processing, Supply & Distribution) Order, 1987; (d) The Elec tricity Act, 2003; (e) The T rade Marks Act, 1999.
C	7	input:crude_derivative_petchem	SRF.NS	134	The principal activities of the Company are manufacturing, purchase and sale of technical textiles, chemicals, packaging films and other polymers.
C	4	input:crude_derivative_petchem	UFLEX.NS	12	Packaging Films & PET Resin Our Packaging Films business offers a diversified portfolio spanning BOPET, BOPP, CPP, metallized, PCR-based, AlOx-coated, and high-performance barrier films, supported by integrated PET resin capabilities that strengthen raw material security and operational efficiency.
C	1	input:crude_derivative_petchem	VEEDOL.NS	81	The Company produces and markets lubricants and greases, which results in the creation of waste materials like spent oil, solvents, sludge, and unused packaging.
C	1	input:crude_derivative_petchem	VINATIORGA.NS	12	Building on our commitment, we are working on new range of products under the VOPL umbrella namely anisole, 4-MAP, TAA, and PTAP serving high-growth sectors such as polymerisation inhibitors, resins, oil filters, flavours, fragrances, personal care, and pharmaceuticals.
C	1	input:crude_derivative_petchem	XPROINDIA.NS	16	Prior to joining the Company, Sri Behal served as the Business Head – Polyester Films & Specialty Polymers at Ester Industries Limited.
C	1	input:crude_derivative_rubber	AARTIIND.NS	107	The Company offers a diverse portfolio of more than 100 products derived from benzene, aniline, sulphuric acid, toluene and methanol, catering to industries such as agrochemicals, dyes, pigments, paints, printing inks, polymer additives, fuel additives, pharmaceuticals, rubber chemicals, FMCG, etc.
C	4	input:crude_derivative_rubber	BALKRISIND.NS	22	Our carbon black and specialty materials business is evolving in sync from a backward integration initiative into a key pillar of our value proposition.
C	7	input:crude_derivative_rubber	CEATLTD.NS	130	Commodity price sensitivity The following table approximately details the Company’s sensitivity to a 5% movement in the input price of rubber and carbon black.
C	6	input:crude_derivative_rubber	JKTYRE.NS	169	Its operating activities require the purchase of raw material and manufacturing of tyres and therefore require a continuous supply of certain raw materials such as natural rubber, synthetic rubber, carbon black, fabric, crude oil, bead wire rubber chemicals etc., To mitigate the commodity price risk, the Company has an approved supplier base to get best competitive prices for the commodities and to assess the market to manage the cost without any compromise on quality.
C	7	input:crude_derivative_rubber	MRF.NS	129	Due to the significantly increased volatility of certain commodities like Natural Rubber, Synthetic Rubber, Compound Rubber and other Chemicals, the Company enters into purchase contracts on a short to medium Term and forward foreign exchange contracts are entered into to bring in stability of price fluctuations.
C	1	input:crude_derivative_rubber	UFLEX.NS	56	Every day, we convert 6 tonnes of waste into liquid fuel, hydrocarbon gas, and carbon black.
C	4	input:freight_diesel	ASIANPAINT.NS	62	Along with a strategic shift towards rail and sea for long-haul movement, we have included lower- emission vehicles into our fleet and this has helped to reduce fuel consumption and associated emissions.
C	1	input:freight_diesel	BALKRISIND.NS	105	Environmental stewardship and physical automation are embedded directly into our everyday transport loops, highlighted by a 90% displacement of conventional warehouse diesel forklifts with electric alternatives.
C	4	input:freight_diesel	BERGEPAINT.NS	119	Earlier we used Diesel as the fuel for this Thermic Fluid Heaters but now we have replaced the Diesel fired Heaters by Bio-fuel fired Heaters like use of Ground nut pellets, cashew nuts pellets, Sugarcane baggase, etc.
C	4	input:freight_diesel	BRITANNIA.NS	24	At Britannia, we have adopted cleaner fuels such as biomass and natural gas while gradually reducing our reliance on conventional fuels like furnace and light diesel oil.
C	4	input:freight_diesel	COLPAL.NS	51	However, we achieved a 9% reduction in fuel consumption compared to the previous year.
C	4	input:freight_diesel	DABUR.NS	309	During the year, the Company initiated comprehensive monitoring of electricity and fuel consumption across its operational footprint, including manufacturing facilities, offices, Annexure 9 warehouses, and employee residential facilities.
C	0	input:freight_diesel	DELHIVERY.NS	37	Warm Regards, Sahil Barua Managing Director & Chief Executive Officer Kapil Bharati Chief Technology Officer & Executive Director Suraj Saharan Chief People Officer & Executive Director Our strategic shift to trailer operations five years ago has delivered operational cost savings (25%+ reduction in fuel costs), higher safety standards and lower emissions than smaller truck formats.
C	4	input:freight_diesel	GODREJCP.NS	140	This has saved costs, lowered fuel consumption and in turn helped reduce our emissions.
C	1	input:freight_diesel	GULFOILLUB.NS	51	Diesel Exhaust Fluid - AdBlue® and Emission Reduction The Company also produces and distributes AdBlue®, a diesel exhaust fluid that helps reduce nitrogen oxide (NOx) emissions from diesel vehicles, supporting compliance with environmental regulations and promoting cleaner air.
C	1	input:freight_diesel	INDIGOPNTS.NS	250	Fuel and Entertainment Expenses: The Executive Director is entitled to claim the fuel expenses as incurred by him in accordance with the Company Policy.
C	3	input:freight_diesel	JKTYRE.NS	111	Introduction Corporate Overview ESG Strategy The Capitals Annexure Statutory and Financials Here are some highlights from our successful FY 2025-26 Projects: a) Condensate Recovery for Fuel Efficiency: Jet pump-based condensate recovery from the curing process was extended to route recovered hot condensate directly to the boiler deaerator, further reducing fresh steam demand and fuel consumption.
C	0	input:freight_diesel	JUBLINGREA.NS	34	Operational and Cost Discipline is Embedded ₹ 120+ Crore Lean savings delivered 25% Renewable energy share 10% Reduction in power and fuel costs 0.99x Net Debt/EBITDA 16% Reduction in working capital to revenue (18% in FY 2025) Quality and Safety Recognitions Amid a dynamic external environment, we continuously focussed on strengthening agility and operational efficiency.
C	7	input:freight_diesel	KANSAINER.NS	193	The Company measures progress in energy management through various key indicators of specific power consumption, specific fuel consumption, Grid power outage, power cost, power losses, Green Energy percentage footprint etc.
C	1	input:freight_diesel	PRIVISCL.NS	83	A further significant investment of ₹175.65 lakhs was made in controlling emissions from diesel generator sets through the installation of Retrofit Emission Control Devices (RECDs), supporting our air quality improvement goals.
C	7	input:freight_diesel	SIRCA.NS	42	The Company measures progress in energy management through various key indicators of specific power consumption, specific fuel consumption, percentage outage, power cost, power losses etc.
C	1	input:freight_diesel	SOTL.NS	15	The Company also upgraded insulation across heating systems, overhauled thermopac units, introduced electric drum heating systems, replaced ageing pumps and motors with energy-efficient alternatives, optimised diesel generator capacity, installed energy-efficient compressors and enhanced steam distribution systems.
C	4	input:freight_diesel	SRF.NS	72	As part of our transition to cleaner fuels, we are converting diesel generators to PNG at our Chemicals Business – Bhiwadi facility, marking a key step towards lowering emissions.
C	3	input:freight_diesel	TCI.NS	75	Various initiatives (Alternate fuel vehicle, EV vehicle or high efficiency vehicles, VLSFO fuel used in ships, roof top solar plant for warehouse) implemented across branches and warehouses to control GHG emissions due to energy consumption & Fuel consumption due to our fleet and vendor fleet .The Company has also collaborated with IIM-Bangalore for Supply Chain Sustainability Lab which is a centre of excellence in sustainable supply chain practices, dissemination and advocacy.
C	4	input:freight_diesel	TCIEXP.NS	144	The Company encourages the use of electric vehicles and CNG-based transportation to reduce fuel consumption and greenhouse gas emissions.
C	3	input:freight_diesel	VEEDOL.NS	27	75g 62g Plastic weight reduction Key initiatives undertaken during the year include: Increased adoption of solar power across manufacturing facilities Progressive transition from diesel to cleaner fuels, including Piped Natural Gas (PNG), in selected operations Improved fuel efficiency across Company-owned vehicles through enhanced monitoring and optimisation measures GREENHOUSE GAS EMISSIONS PERFORMANCE We monitor and report Scope 1 and Scope 2 greenhouse gas emissions to assess performance, identify reduction opportunities and support informed decision-making.
C	4	input:freight_diesel	VRLLOG.NS	68	USE OF BIOFUELS VRL pioneered usage of Bio diesel for its CV fleet and our past reports amply demonstrate the large quantity usage of this fuel source.
C	4	input:fuel_furnace_pet_coke	BRITANNIA.NS	24	At Britannia, we have adopted cleaner fuels such as biomass and natural gas while gradually reducing our reliance on conventional fuels like furnace and light diesel oil.
C	7	input:fuel_furnace_pet_coke	DEEPAKNTR.NS	160	However, the Company continues to rely partly on conventional fuels such as coal and furnace oil, which exposes it to energy cost volatility and sustainability-related pressures.
C	1	input:fuel_furnace_pet_coke	EMAMILTD.NS	99	We continued to strengthen our energy transition efforts by replacing high-emission fuels such as furnace oil and LDO, with cleaner alternatives, including PNG and bio-briquettes.
C	4	input:fuel_furnace_pet_coke	GANDHAR.NS	11	We have installed solar energy generating equipment at both our Indian plants to lessen our reliance on dwindling fossil fuel resources, and heating, previously managed by furnace oil, has now been replaced by cleaner piped natural gas.
C	1	input:fuel_furnace_pet_coke	GODREJCP.NS	152	Furthering our commitment to cleaner fuel alternatives, we transitioned to bio-waste fuels in place of furnace oil in the hot air generators at our South Cluster Pondicherry Coil plant .
C	4	input:fuel_furnace_pet_coke	KANSAINER.NS	193	We are strategically moving towards eliminating use of fossil fuels (High Speed Diesel / Furnace oil) in our process equipment through migration to Natural Gas which is a cleaner fuel.
C	1	input:fuel_furnace_pet_coke	PIDILITIND.NS	151	In the area of thermal energy, the Company has undertaken measures including the conversion of coal and furnace oil-based boilers to briquette-based systems, as well as the replacement of furnace oil with lower-emission fuels such as PNG.
C	1	input:intermediated_air_capacity	BLUEDART.NS	328	“Express Air Charter Services" income is generated from the charter flight services rendered exclusively to the Company.
-	4	input:milk	ANURAS.NS	90	Option granted to Senior Managerial Personnel (SMP) & Key Managerial Personnel (KMP) during the year No Options were granted during the year by the Company.
-	1	input:milk	ASIANPAINT.NS	97	The Company’s CoC for the Board of Directors and Senior Management Personal (SMP), and CoC for employees set the guidelines for the identification, avoidance and declaration of conflicts of interest.
-	4	input:milk	BRITANNIA.NS	41	The facility currently handles ~350 kilolitres of milk per day and supports multi-category dairy production, including cheddar, mozzarella and processed cheese, milkshakes, yogurt, ghee, skimmed milk powder and whey powder, enabling the Company to respond to dynamic market requirements.
-	3	input:milk	CHEMPLASTS.NS	87	Nomination and Remuneration Policy The Company’s Nomination and Remuneration Policy, as approved by the Board of Directors, covers Directors appointment and remuneration including criteria for determining qualifications, positive attributes, independence of a Director and policy relating to remuneration for the Directors, Key Managerial Personnel (KMP) and Senior Management Personnel (SMP) of the Company.
-	4	input:milk	DELHIVERY.NS	38	Case studies HPCL’s lubricant distribution relied on a legacy milk-run model that resulted in long fulfilment times for dealers as the company waited to consolidate loads before shipping.
-	0	input:milk	GULFOILLUB.NS	140	Particulars of senior management and changes therein since the close of the previous financial year under review The details of the Senior Management Personnel of the Company identified in accordance with the Act and Regulation 16 (1)(d) of the Listing Regulations, as on March 31, 2025, are given below: Name of Senior Management Personnel (“SMP”) Designation Changes if any, during the financial year under review (Yes / No) Mr.
-	1	input:milk	JUBLINGREA.NS	69	Ambrish Dixit, President-Speciality Chemicals, ceased to be a SMP effective from the close of business hours of March 31, 2026, consequent to his resignation from the Company.
-	3	input:milk	MAHLOG.NS	64	Remuneration of Directors Remuneration Policy The Company has a well-defined Policy for Remuneration of the Directors, Senior Management Personnel (“SMP”) Key Managerial Personnel (“KMP”) and other employees encompassing, inter-alia, the criteria for making payments to Executive Directors, Non-Executive Directors, KMPs and other Employees (“Remuneration Policy”).
-	4	input:milk	NESTLEIND.NS	255	The programme is driven by four (4) key interlinked enablers: Farm Transformation & Expansion – ~1,400 farms are on the transformation journey, contributing ~40% of the Company’s fresh milk supply, with average milk supply per farm increasing between 2022 and 2025.
-	0	input:milk	TCI.NS	112	Rajendra Sharma***, CEO- Designate- TCI Freight (SMP) - - - 7,000 (b) Any other employees who were granted, during any one year, options amounting to 5% or more of the options granted during the year - - - - (c) Identified Employees who were granted option, during any one year, equal to or exceeding 1% of the issued capital (excluding outstanding warrants and conversions) of the company at the time of grant - - - - 12.
-	1	input:milk	TCIEXP.NS	127	The Board of Directors affirms that the remuneration paid to the Directors, KMP, SMP, and other employees is in accordance with the Nomination and Remuneration Policy of the Company.
-	4	input:palm_oil	COLPAL.NS	60	We strive to consistently source deforestation- and conversion-free palm oil, soy, and paper-based packaging materials, improving responsible sourcing practices and helping protect natural ecosystems.
-	4	input:palm_oil	DABUR.NS	69	In parallel, the company is working toward 100% sustainable sourcing of high deforestation-risk materials including juice, laminates, paper, and palm oil by 2027.
-	7	input:palm_oil	GODREJCP.NS	70	Commodity Price V olatility Our supply chain faces the challenges of unexpected and cyclic fluctuations in input costs and commodity pricing pressures, specifically concerning commodities such as PFAD (palm fatty acid distillate) and crude oil.
-	7	input:palm_oil	HINDUNILVR.NS	41	We are advancing low Greenhouse gas (GHG) soda ash procurement in partnership with a key supplier, and reformulating ingredients in soaps, by reducing Total Fatty Matter (TFM) and high GHG palm oil with environmentally sustainable Palm (NDP palm), while maintaining performance, affordability and consumer experience.
-	0	input:sugar	COLPAL.NS	15	Colorful gel with Sugar Acid Shield, providing advanced cavity protection Arginine + Calcium Boost Technology,* providing 24-hour cavity protection** Family Care A Complete Range For Every Smile Annual & ESG Report 2025-2026 22(India) Limited Accelerating Premiumization in Modern Trade A core priority in modern trade is driving competitive share gain and unlocking our full potential in the premium segment.
-	4	input:sugar	DABUR.NS	171	REIMAGINING REFRESHMENT: CUTTING SUGAR, NOT TASTE At Dabur, we believe that great taste should never come at the cost of health.
-	3	input:sugar	DEEPAKNTR.NS	193	Directorships held in companies Nil Membership/Chairmanship of committees of public companies Nil Names of Listed entities from where he resigned in past 3 years Dhampur Sugar Mills Limited Shareholdings in the Company, including Shareholding as a Beneficial Owner Nil lnter-se relationship with other Directors and Key Managerial Personnel Not related to any of the Directors or Key Managerial Personnel of the Company.
-	4	input:sugar	HINDUNILVR.NS	84	These crops include tea, palm oil, paper and board, cereal, sugar, dairy, cocoa, coconut oil, soy, starches, and vegetables & herbs, comprising more than two-third of our agricultural raw material volumes.
-	1	input:sugar	VINATIORGA.NS	78	Agricultural exports under the Agricultural and Processed Food Products Export Development Authority (APEDA) saw a 12.69% increase, totalling US$ 25.14 billion, largely driven by higher exports of rice, sugar, spices, and processed food.
-	-4	rate:floating_debt_share	AARTIIND.NS	185	The Company’s profit before tax is affected through the impact on floating rate borrowings, as follows: (I In Crs) Basis Points 2024-25 2023-24 50 (18.85) (17.60) -50 18.85 17.60 Commodity Price Risk The Company has a risk management framework aimed at prudently managing the risk arising from the volatility in c ommodity prices and freight costs.
-	1	rate:floating_debt_share	APOLLOTYRE.NS	182	Some amount of this risk is managed by the Company through maintaining an appropriate mix of fixed and floating rate borrowings and also through an appropriate amount of interest rate swaps, especially, to hedge the floating rate borrowings to fixed one.
-	1	rate:floating_debt_share	BALKRISIND.NS	273	Floating rate loans exposes the Company to fluctuations in cash flow due to changes in interest rates.
-	1	rate:floating_debt_share	CEATLTD.NS	129	The Company manages its interest rate risk pertaining to domestic borrowings by maintaining a balanced portfolio of borrowings linked to various tenor benchmark of MCLR, Repo rate and T-Bills.
-	0	rate:floating_debt_share	COSMOFIRST.NS	156	Financing arrangements The group has access to the following undrawn borrowing facilities at the end of reporting period: Particulars As at 31 March 2026 As at 31 March 2025 Expiring within one year (cash credit and other facilities) 684.13 706.95 Expiring beyond one year (bank loans - floating rate) - - Total 684.13 706.95 Contractual maturities of financial liabilities The tables below analyse the financial liabilities into relevant maturity groupings based on their contractual maturities.
-	-4	rate:floating_debt_share	GANDHAR.NS	180	The interest rate profile of the Company’s interest bearing financial instruments as reported to the Management of the Company is as follows: (H in Million) Particulars As at March 31, 2025 As at March 31, 2024 Borrowings Fixed rate borrowings - 27.75 Variable rate borrowings - 247 .00 To t a l - 275.75 Fair value sensitivity analysis for fixed-rate instruments The Company does not account for any fixed-rate financial assets or financial liabilities at fair value through profit or loss.
-	1	rate:floating_debt_share	GODREJCP.NS	565	Interest rate swap Interest rate swap is a derivative instrument whereby the Group receives at a floating rate in return for a fixed rate liability.
-	-3	rate:floating_debt_share	GOODYEAR.NS	149	(i) Financing arrangements The Company has access to the following undrawn borrowing facilities at the end of the reporting period: Floating rate As at March 31, 2026 As at March 31, 2025 Expiring within one year (bank overdraft and other facilities) 12,097 12,097 The bank overdraft facilities may be drawn at any time.
-	-4	rate:floating_debt_share	GULFOILLUB.NS	230	The Company's interest rate risk arises from short term borrowings with variable rates The exposure of the Company's borrowing to interest rate changes at the end of the reporting period are as follows: (H in lakhs) Particulars As at March 31, 2025 As at March 31, 2024 Variable rate borrowings 41,339.04 32,931.01 Total borrowings 41,339.04 32,931.01 Sensitivity analysis Profit and loss is sensitive to higher/lower interest expenses from borrowings as a results of changes in interest rates.
-	4	rate:floating_debt_share	JUBLCPL.NS	151	This is mainly attributable to the Company’s exposure to interest rates on its variable rate borrowings.
-	4	rate:floating_debt_share	JUBLINGREA.NS	127	This is mainly attributable to the Company’s exposure to interest rates on its floating rate borrowings.
-	1	rate:floating_debt_share	MAHLOG.NS	194	The Company also benchmarks the rate of interest and terms based on criteria such as tenure of the loan, prepayment flexibility, secured or non-secured facility, appropriate available benchmark rates like SBI – MCLR, rates of government bonds and suitable margin and as agreed between the Company and M&M.
-	4	rate:floating_debt_share	MRF.NS	202	a) Interest Rate Risk: The Group borrows funds in Indian Rupees and Foreign currency, to meet both the long term and short term funding requirements.The Interest rate risk in terms of Foreign currency is managed through financial instruments available to convert floating rate liability into fixed rate liability.
-	1	rate:floating_debt_share	PANAMAPET.NS	48	The interest rate risk is managed by the Company through various financial instruments available to convert floating rate liabilities into fixed rate liabilities or vice-versa.
-	1	rate:floating_debt_share	POLYPLEX.NS	103	To have a more balanced loan portfolio, the Company continuously evaluates shifting some of its floating rate debt to fixed rate considering the cost benefit analysis.
-	0	rate:floating_debt_share	SOTL.NS	181	₹ in Lakhs Particulars 2025-26 2024-25 Floating rate borrowings 47.36 33.47 (c ) C ommodity Risk R aw Material Risk P etroleum Products Segment - Timely availability and also non-availability of good quality base oils from across the globe could negate the qualitative and quantitative production of various products of the Company.
-	1	rate:floating_debt_share	TCI.NS	196	The risk is managed by the Company by maintaining an appropriate mix between fixed and floating rate of borrowings.
-	1	rate:floating_debt_share	TCIEXP.NS	304	In order to optimize the Company’s position with regards to interest income and interest expenses and to manage the interest rate risk, management performs a comprehensive corporate interest rate risk management by balancing the proportion of fixed rate and floating rate financial instruments in its total portfolio.
-	-7	rate:floating_debt_share	VRLLOG.NS	220	With all other variables held constant, the Company's profit or loss before tax and Company's equity is affected through the impact on floating rate borrowings, as follows: Particulars Equity Gain/(loss) on profit or loss 31 March 2026 31 March 2025 31 March 2026 31 March 2025 Interest rate increases by 50 basis points Interest rate decreases by 50 basis points (169.92) 169.92 (177.27) 177.27 (169.92) 169.92 (177.27) 177.27 (b) Liquidity risk Liquidity risk is the risk that the Company will not be able to meet its financial obligations as they become due.
-	0	rate:nim_asset_sensitivity	AARTIIND.NS	185	Th e exposure of the Company’s borrowings to interest rate changes at the end of the reporting period are as follows: (I In Crs) Particulars As at 31st March 2025 As at 31st March 2024 Non-Current - Floating 2,107.73 1,993.22 Non-Current - Fixed (18.75) (43.75) Current 1,680.42 1,570.22 Total 3,769.40 3,519.69 Interest Rate Sensitivity Analysis The following table demonstrates the sensitivity to a reasonably possible change in interest rates on that portion of loans a nd borrowings affected, with all other variables held constant.
-	-3	rate:nim_asset_sensitivity	BALKRISIND.NS	274	(H in Crores) Particulars As at 31st March, 2026 As at 31st March, 2025 Fixed-rate Instruments Financial Assets 110.42 536.82 Financial Liabilities (3,394.13) (1,936.94) (3,283.71) (1,400.12) Variable-rate instruments Financial Assets - - Financial Liabilities (654.64) (1,275.29) (654.64) (1,275.29) Interest rate sensitivity - fixed rate instruments The company's fixed rate borrowings are carried at amortised cost.
-	1	rate:nim_asset_sensitivity	BLUEDART.NS	357	Interest rate sensitivity - fixed rate instruments The Group's fixed rate borrowings are carried at amortised cost.
-	7	rate:nim_asset_sensitivity	GULFOILLUB.NS	230	Interest rate sensitivity * Holding all other variables constant A3 Commodity Price Risk The Company’s exposure to market risk with respect to commodity prices primarily arises from the fact that the company is a purchaser of base oil.
-	-7	rate:nim_asset_sensitivity	JKTYRE.NS	141	With all other variables held constant, the Company's profit before tax is affected through the impact on finance cost with respect to our borrowing, as follows: ` in Crores (10 Million) Particulars As at 31.03.2026 As at 31.03.2025 Change in Basis Points + 25 + 25 Effect on Profit before Tax (10.58) (11.05) Change in Basis Points - 25 - 25 Effect on Profit before Tax 10.58 11.05 The assumed movement in basis points for the interest rate sensitivity analysis is based on the currently observable market environment.
-	-4	rate:nim_asset_sensitivity	POLYPLEX.NS	249	With all other variables held constant, the Company’s profit before tax is affected through the impact on floating rate borrowings, as follows: Particulars Gain/ (loss) impact on profit before tax and equity For the year ended March 31, 2026 For the year ended March 31, 2025 Increase by 50 basis points (60.50) (32.50) Decrease by 50 basis points 60.50 32.50 The assumed movement in basis points and interest rate sensitivity is based on currently observable market environment.
-	-3	rate:nim_asset_sensitivity	TVSSRICHAK.NS	115	Interest rate sensitivity analysis If interest rates had been 50 basis points higher/lower and all other variables were held constant, the Company's Profit for the year ended March 31, 2025 would decrease/increase by ₹4.25 Crores; as against ₹4.20 Crores for the year ended March 31, 2024.


# PASS_THROUGH pairs: 8 | distinct companies: 6
#   MITIGATED: 5 companies -- ['APOLLOTYRE.NS', 'GANDHAR.NS', 'POLYPLEX.NS', 'TCIEXP.NS', 'UFLEX.NS']
#   UNMITIGATED: 3 companies -- ['APOLLOTYRE.NS', 'POLYPLEX.NS', 'TVSSRICHAK.NS']

STATE	SCORE	TICKER	PAGE	SENTENCE
MITIGATED	4	APOLLOTYRE.NS	58	SWOT Analysis Weaknesses The Company’s profitability remains sensitive to volatility in raw material prices, particularly in scenarios of sharp cost escalation.
MITIGATED	4	GANDHAR.NS	86	T o manage input-cost fluctuations, the Company enacts price-pass-through clauses in certain customer contracts.
MITIGATED	7	POLYPLEX.NS	97	Hence, any adverse fluctuations in the cost of PET resin can impact the Company’s operating margins depending upon the Company’s ability to pass on cost increases to its customers.
MITIGATED	6	TCIEXP.NS	86	This risk is mitigated through a dynamic fuel surcharge mechanism, periodic freight rate revisions, and contractual arrangements that enable partial pass- through of cost fluctuations, supporting margin stability and ensuring a more predictable pricing framework for both the Company and its customers People Risk The logistics industry relies heavily on a skilled and dedicated workforce, and staffing shortages or attrition of key employees may disrupt operations and impact performance.
MITIGATED	4	UFLEX.NS	116	The pricing policy of the Company final product is structured in such a way that any change in price of raw materials is passed on to the customers in the final product however, with a time lag which mitigates the raw material price risk.
UNMITIGATED	4	APOLLOTYRE.NS	58	SWOT Analysis Weaknesses The Company’s profitability remains sensitive to volatility in raw material prices, particularly in scenarios of sharp cost escalation.
UNMITIGATED	7	POLYPLEX.NS	97	Hence, any adverse fluctuations in the cost of PET resin can impact the Company’s operating margins depending upon the Company’s ability to pass on cost increases to its customers.
UNMITIGATED	7	TVSSRICHAK.NS	54	Negative Lower market demand, Stiff competition and inability to pass-on the input cost increases in full affects the company's earnings.
