family,ticker,name,isin,market_cap_inr,mcap_cr,index_tier,tradeability,subgroup,listings
paints,ASIANPAINT.NS,Asian Paints Ltd.,INE021A01026,2682684400000.0,268268,NIFTY50,NORMAL,Paints,"BSE:ACTIVE,NSE:ACTIVE"
paints,BERGEPAINT.NS,Berger Paints India Ltd,INE463A01038,622528900000.0,62253,NIFTYMIDCAP150,NORMAL,Paints,"BSE:ACTIVE,NSE:ACTIVE"
paints,KANSAINER.NS,Kansai Nerolac Paints,INE531A01024,163845600000.0,16385,OTHER,NORMAL,Paints,"BSE:ACTIVE,NSE:ACTIVE"
paints,JSWDULUX.NS,JSW Dulux Limited,INE133A01011,138943500000.0,13894,NIFTYSMALLCAP250,NORMAL,Paints,"BSE:ACTIVE,NSE:ACTIVE"
paints,INDIGOPNTS.NS,Indigo Paints Limited,INE09VQ01012,52229100000.0,5223,OTHER,NORMAL,Paints,"BSE:ACTIVE,NSE:ACTIVE"
paints,SIRCA.NS,Sirca Paints India Limited,INE792Z01011,24506100000.0,2451,OTHER,NORMAL,Paints,"BSE:ACTIVE,NSE:ACTIVE"
tyres,MRF.NS,M.R.F. Ltd.,INE883A01011,566483700000.0,56648,NIFTYMIDCAP150,NORMAL,Tyres & Rubber Products,"BSE:ACTIVE,NSE:ACTIVE"
tyres,BALKRISIND.NS,Balkrishna Industries Ltd.,INE787D01026,485129500000.0,48513,NIFTYMIDCAP150,NORMAL,Tyres & Rubber Products,"BSE:ACTIVE,NSE:ACTIVE"
tyres,APOLLOTYRE.NS,Apollo Tyres Ltd,INE438A01022,279857200000.0,27986,NIFTYMIDCAP150,NORMAL,Tyres & Rubber Products,"BSE:ACTIVE,NSE:ACTIVE"
tyres,CEATLTD.NS,Ceat Ltd.,INE482A01020,144234900000.0,14423,NIFTYSMALLCAP250,NORMAL,Tyres & Rubber Products,"BSE:ACTIVE,NSE:ACTIVE"
tyres,JKTYRE.NS,JK Tyre & Industries Ltd.,INE573A01042,117996900000.0,11800,NIFTYSMALLCAP250,NORMAL,Tyres & Rubber Products,"BSE:ACTIVE,NSE:ACTIVE"
tyres,TVSSRICHAK.NS,TVS Srichakra Ltd.,INE421C01016,30589100000.0,3059,OTHER,NORMAL,Tyres & Rubber Products,"BSE:ACTIVE,NSE:ACTIVE"
tyres,GOODYEAR.NS,Goodyear India Ltd.,INE533A01012,19929500000.0,1993,OTHER,NORMAL,Tyres & Rubber Products,"BSE:ACTIVE,NSE:ACTIVE"
adhesives,PIDILITIND.NS,Pidilite Industries Ltd.,INE318A01026,1673450900000.0,167345,NIFTYNEXT50,NORMAL,Specialty Chemicals,"BSE:ACTIVE,NSE:ACTIVE"
adhesives,ASTRAL.NS,ASTRAL LIMITED,INE006I01046,391141200000.0,39114,NIFTYMIDCAP150,NORMAL,Plastic Products - Industrial,"BSE:ACTIVE,NSE:ACTIVE"
adhesives,JUBLCPL.NS,Jubilant Agri and Consumer Products Limited,INE03CC01015,27413100000.0,2741,OTHER,NORMAL,Specialty Chemicals,"BSE:ACTIVE,NSE:ACTIVE"
adhesives,JYOTIRES.BO,Jyoti Resins & Adhesives Ltd,INE577D01013,11278800000.000002,1128,OTHER,NORMAL,Specialty Chemicals,BSE:ACTIVE
adhesives,HPAL.NS,HP Adhesives Limited,INE0GSL01024,3104400000.0,310,OTHER,NORMAL,Specialty Chemicals,"BSE:ACTIVE,NSE:ACTIVE"
adhesives,VINYLINDIA.NS,Vinyl Chemicals (India) Ltd.,INE250B01029,4565900000.0,457,OTHER,NORMAL,Trading - Chemicals,"BSE:ACTIVE,NSE:ACTIVE"
packaging_films,SRF.NS,SRF Ltd.,INE647A01010,787600800000.0,78760,NIFTYMIDCAP150,NORMAL,Commodity Chemicals,"BSE:ACTIVE,NSE:ACTIVE"
packaging_films,GRWRHITECH.NS,GARWARE HI-TECH FILMS LIMITED,INE291A01017,170344600000.0,17034,OTHER,NORMAL,Plastic Products - Industrial,"BSE:ACTIVE,NSE:ACTIVE"
packaging_films,POLYPLEX.NS,Polyplex Corporation Ltd.,INE633B01018,34594500000.0,3459,OTHER,NORMAL,Packaging,"BSE:ACTIVE,NSE:ACTIVE"
packaging_films,UFLEX.NS,Uflex Limited,INE516A01017,34527900000.0,3453,OTHER,NORMAL,Packaging,"BSE:ACTIVE,NSE:ACTIVE"
packaging_films,JINDALPOLY.NS,JINDAL POLY FILMS LIMITED,INE197D01010,27613900000.0,2761,OTHER,NORMAL,Packaging,"BSE:ACTIVE,NSE:ACTIVE"
packaging_films,COSMOFIRST.NS,Cosmo First Limited,INE757A01017,24424100000.0,2442,OTHER,NORMAL,Packaging,"BSE:ACTIVE,NSE:ACTIVE"
packaging_films,XPROINDIA.NS,Xpro India Ltd.,INE445C01015,29890700000.0,2989,OTHER,NORMAL,Packaging,"BSE:ACTIVE,NSE:ACTIVE"
packaging_films,HUHTAMAKI.NS,HUHTAMAKI INDIA LIMITED,INE275B01026,22331800000.0,2233,OTHER,NORMAL,Packaging,"BSE:ACTIVE,NSE:ACTIVE"
specialty_chemicals,DEEPAKNTR.NS,Deepak Nitrite Limited,INE288B01029,234268700000.0,23427,NIFTYSMALLCAP250,NORMAL,Specialty Chemicals,"BSE:ACTIVE,NSE:ACTIVE"
specialty_chemicals,ATUL.NS,Atul Limited.,INE100A01010,200645600000.0,20065,NIFTYSMALLCAP250,NORMAL,Specialty Chemicals,"BSE:ACTIVE,NSE:ACTIVE"
specialty_chemicals,AARTIIND.NS,Aarti Industries Ltd,INE769A01020,176085700000.0,17609,NIFTYSMALLCAP250,NORMAL,Specialty Chemicals,"BSE:ACTIVE,NSE:ACTIVE"
specialty_chemicals,PRIVISCL.NS,PRIVI SPECIALITY CHEMICALS LIMITED,INE959A01019,141129700000.0,14113,OTHER,NORMAL,Specialty Chemicals,"BSE:ACTIVE,NSE:ACTIVE"
specialty_chemicals,ANURAS.NS,Anupam Rasayan India Limited,INE930P01018,137528800000.0,13753,NIFTYSMALLCAP250,NORMAL,Specialty Chemicals,"BSE:ACTIVE,NSE:ACTIVE"
specialty_chemicals,VINATIORGA.NS,Vinati Organics Ltd.,INE410B01037,137242900000.00002,13724,OTHER,NORMAL,Specialty Chemicals,"BSE:ACTIVE,NSE:ACTIVE"
specialty_chemicals,JUBLINGREA.NS,Jubilant Ingrevia Limited,INE0BY001018,120551900000.0,12055,NIFTYSMALLCAP250,NORMAL,Specialty Chemicals,"BSE:ACTIVE,NSE:ACTIVE"
specialty_chemicals,CHEMPLASTS.NS,Chemplast Sanmar Limited,INE488A01050,31044800000.0,3104,OTHER,NORMAL,Specialty Chemicals,"BSE:ACTIVE,NSE:ACTIVE"
city_gas,ATGL.NS,ADANI TOTAL GAS LIMITED,INE399L01023,738027600000.0,73803,NIFTYMIDCAP150,NORMAL,LPG/CNG/PNG/LNG Supplier,"BSE:ACTIVE,NSE:ACTIVE"
city_gas,GUJENERGY.NS,Gujarat Energy Limited,INE844O01030,262563900000.0,26256,OTHER,NORMAL,LPG/CNG/PNG/LNG Supplier,"BSE:ACTIVE,NSE:ACTIVE"
city_gas,IGL.NS,Indraprashtha Gas Ltd.,INE203G01027,217560200000.0,21756,NIFTYSMALLCAP250,NORMAL,LPG/CNG/PNG/LNG Supplier,"BSE:ACTIVE,NSE:ACTIVE"
city_gas,MGL.NS,Mahanagar Gas Limited,INE002S01010,111367000000.0,11137,NIFTYSMALLCAP250,NORMAL,LPG/CNG/PNG/LNG Supplier,"BSE:ACTIVE,NSE:ACTIVE"
city_gas,IRMENERGY.NS,IRM ENERGY LIMITED,INE07U701015,11080000000.0,1108,OTHER,NORMAL,LPG/CNG/PNG/LNG Supplier,"BSE:ACTIVE,NSE:ACTIVE"
logistics,CONCOR.NS,Container Corporation Of India Ltd.,INE111A01025,398097699999.99994,39810,NIFTYMIDCAP150,NORMAL,Logistics Solution Provider,"BSE:ACTIVE,NSE:ACTIVE"
logistics,DELHIVERY.NS,Delhivery Limited,INE148O01028,353628700000.0,35363,NIFTYSMALLCAP250,NORMAL,Logistics Solution Provider,"BSE:ACTIVE,NSE:ACTIVE"
logistics,BLUEDART.NS,Blue Dart Express Ltd.,INE233B01017,127822400000.0,12782,NIFTYSMALLCAP250,NORMAL,Logistics Solution Provider,"BSE:ACTIVE,NSE:ACTIVE"
logistics,TCI.NS,Transport Corporation of India Ltd,INE688A01022,70289000000.0,7029,OTHER,NORMAL,Logistics Solution Provider,"BSE:ACTIVE,NSE:ACTIVE"
logistics,VRLLOG.NS,VRL Logistics Limited,INE366I01010,47915200000.00001,4792,OTHER,NORMAL,Logistics Solution Provider,"BSE:ACTIVE,NSE:ACTIVE"
logistics,MAHLOG.NS,Mahindra Logistics Limited,INE766P01016,41460100000.0,4146,OTHER,NORMAL,Logistics Solution Provider,"BSE:ACTIVE,NSE:ACTIVE"
logistics,TCIEXP.NS,TCI Express Limited,INE586V01016,21514600000.0,2151,OTHER,NORMAL,Logistics Solution Provider,"BSE:ACTIVE,NSE:ACTIVE"
fmcg_distribution,HINDUNILVR.NS,Hindustan Unilever Ltd.,INE030A01027,4946007100000.0,494601,NIFTY50,NORMAL,Diversified FMCG,"BSE:ACTIVE,NSE:ACTIVE"
fmcg_distribution,ITC.NS,ITC Ltd,INE154A01025,3580922000000.0,358092,NIFTY50,NORMAL,Diversified FMCG,"BSE:ACTIVE,NSE:ACTIVE"
fmcg_distribution,NESTLEIND.NS,Nestle India Ltd.,INE239A01024,2952249200000.0,295225,NIFTY50,NORMAL,Packaged Foods,"BSE:ACTIVE,NSE:ACTIVE"
fmcg_distribution,BRITANNIA.NS,Britannia Industries Ltd.,INE216A01030,1316369300000.0,131637,NIFTYNEXT50,NORMAL,Packaged Foods,"BSE:ACTIVE,NSE:ACTIVE"
fmcg_distribution,GODREJCP.NS,Godrej Consumer Products Ltd.,INE102D01028,1100718000000.0,110072,NIFTYNEXT50,NORMAL,Personal Care,"BSE:ACTIVE,NSE:ACTIVE"
fmcg_distribution,DABUR.NS,Dabur India Ltd.,INE016A01026,736811100000.0,73681,NIFTYMIDCAP150,NORMAL,Personal Care,"BSE:ACTIVE,NSE:ACTIVE"
fmcg_distribution,COLPAL.NS,Colgate-Palmolive (India) Ltd.,INE259A01022,553300400000.0,55330,NIFTYMIDCAP150,NORMAL,Personal Care,"BSE:ACTIVE,NSE:ACTIVE"
fmcg_distribution,EMAMILTD.NS,Emami Ltd,INE548C01032,176707800000.0,17671,NIFTYSMALLCAP250,NORMAL,Personal Care,"BSE:ACTIVE,NSE:ACTIVE"
lubricants,CASTROLIND.NS,Castrol India Ltd,INE172A01027,185460400000.0,18546,NIFTYSMALLCAP250,NORMAL,Lubricants,"BSE:ACTIVE,NSE:ACTIVE"
lubricants,GULFOILLUB.NS,Gulf Oil Lubricants India Limited,INE635Q01029,57469500000.0,5747,OTHER,NORMAL,Lubricants,"BSE:ACTIVE,NSE:ACTIVE"
lubricants,SOTL.NS,Savita Oil Technologies Limited,INE035D01020,43669600000.0,4367,OTHER,NORMAL,Lubricants,"BSE:ACTIVE,NSE:ACTIVE"
lubricants,PANAMAPET.NS,Panama Petrochem Ltd.,INE305C01029,27984300000.0,2798,OTHER,NORMAL,Lubricants,"BSE:ACTIVE,NSE:ACTIVE"
lubricants,VEEDOL.NS,VEEDOL CORPORATION LIMITED,INE484C01030,24966800000.0,2497,OTHER,NORMAL,Lubricants,"BSE:ACTIVE,NSE:ACTIVE"
lubricants,GANDHAR.NS,Gandhar Oil Refinery (India) Limited,INE717W01049,22737399999.999996,2274,OTHER,NORMAL,Lubricants,"BSE:ACTIVE,NSE:ACTIVE"
